ACACH   Acanthisitta_chloris    Acanthisitta_chloris.scaf.noBacterial.fa.gz
ANAPL   Anas_platyrhynchos      Anas_platyrhynchos_domestica.scaf.fa.gz
APAVI   Apaloderma_vittatum     Apaloderma_vittatum.scaf.noBacterial.fa.gz
APTFO   Aptenodytes_forsteri    Aptenodytes_forsteri.scaf.fa.gz
BALRE   Balearica_regulorum     Balearica_regulorum_gibbericeps.scaf.noBacterial.fa.gz
BUCRH   Buceros_rhinoceros      Buceros_rhinoceros_silvestris.scaf.noBacterial.fa.gz
CALAN   Calypte_anna    Calypte_anna.scaf.noBacterial.fa.gz
CARCR   Cariama_cristata        Cariama_cristata.scaf.noBacterial.fa.gz
CATAU   Cathartes_aura  Cathartes_aura.scaf.noBacterial.fa.gz
CHAPE   Chaetura_pelagica       Chaetura_pelagica.scaf.noBacterial.fa.gz
CHAVO   Charadrius_vociferus    Charadrius_vociferus.scaf.noBacterial.fa.gz
CHLUN   Chlamydotis_undulata    Chlamydotis_undulata.scaf.noBacterial.fa.gz
COLST   Colius_striatus Colius_striatus.scaf.noBacterial.fa.gz
COLLI   Columba_livia   Columba_livia.scaf.fa.gz
CORBR   Corvus_brachyrhynchos   Corvus_brachyrhynchos.scaf.noBacterial.fa.gz
CUCCA   Cuculus_canorus Cuculus_canorus.scaf.noBacterial.fa.gz
EGRGA   Egretta_garzetta        Egretta_garzetta.scaf.noBacterial.fa.gz
EURHE   Eurypyga_helias Eurypyga_helias.scaf.noBacterial.fa.gz
FALPE   Falco_peregrinus        Falco_peregrinus.scaf.fa.gz
FULGL   Fulmarus_glacialis      Fulmarus_glacialis.scaf.noBacterial.fa.gz
GAVST   Gavia_stellata  Gavia_stellata.scaf.noBacterial.fa.gz
GEOFO   Geospiza_fortis Geospiza_fortis.scaf.noBacterial.fa.gz
HALAL   Haliaeetus_albicilla    Haliaeetus_albicilla.scaf.noBacterial.fa.gz
LEPDI   Leptosomus_discolor     Leptosomus_discolor.scaf.noBacterial.fa.gz
MANVI   Manacus_vitellinus      Manacus_vitellinus.scaf.noBacterial.fa.gz
MERNU   Merops_nubicus  Merops_nubicus.scaf.noBacterial.fa.gz
MESUN   Mesitornis_unicolor     Mesitornis_unicolor.scaf.noBacterial.fa.gz
NESNO   Nestor_notabilis        Nestor_notabilis.scaf.noBacterial.fa.gz
NIPNI   Nipponia_nippon Nipponia_nippon.scaf.fa.gz
OPHHO   Ophisthocomus_hoazin    Ophisthocomus_hoazin.scaf.noBacterial.fa.gz
PELCR   Pelecanus_crispus       Pelecanus_crispus.scaf.noBacterial.fa.gz
PHALE   Phaethon_lepturus       Phaethon_lepturus.scaf.noBacterial.fa.gz
PHACA   Phalacrocorax_carbo     Phalacrocorax_carbo.scaf.noBacterial.fa.gz
PHORU   Phoenicopterus_ruber    Phoenicopterus_ruber.scaf.noBacterial.fa.gz
PICPU   Picoides_pubescens      Picoides_pubescens.scaf.noBacterial.fa.gz
PODCR   Podiceps_cristatus      Podiceps_cristatus.scaf.noBacterial.fa.gz
PYGAD   Pygoscelis_adeliae      Pygoscelis_adeliae.scaf.fa.gz
STRCA   Struthio_camelus        Struthio_camelus.scaf.noBacterial.fa.gz
TAUER   Tauraco_erythrolophus   Tauraco_erythrolophus.scaf.noBacterial.fa.gz
TYTAL   Tyto_alba       Tyto_alba.scaf.noBacterial.fa.gz
CAPCA   Antrostomus_carolinensis        Caprimugus_Carolinensis.scaf.noBacterial.fa.gz
GALGA   Gallus_gallus   Gallus_gallus.WASHUC2.60.dna.toplevel.fa.gz
HALLE   Haliaeetus_leucocephalus        Haliaeetus_leucocephalus.fa.gz
MELGA   Meleagris_gallopavo     Meleagris_gallopavo.UMD2.61.dna.toplevel.fa.gz
MELUN   Melopsittacus_undulatus Melopsittacus_undulatus.ap_v6_sli_asm.scf.fasta.gz
PTEGU   Pterocles_gutturalis    Pterocles_guturalis.scaf.noBacterial.fa.gz
TAEGU   Taeniopygia_guttata     Taeniopygia_guttata.taeGut3.2.4.60.dna.toplevel.fa.gz
TINMA   Tinamou_guttatus        Tinamus_major.scaf.noBacterial.fa.gz
